,Mej,Rcsm,kappa,Mcsm,beta,delta,s,tau,bt,Lpeak,tpeak,max_ind,trise,tfall
/global/cscratch1/sd/dkhatami/csm_param_study/lightcurves/clean/m3.0e+00_r3.0e+13_k2.0e-01_a1.7e-03_b1.0e-02_d1.0e-01_s0.0e+00.lightcurve,3,3E+13,0.2,0.0051,0.01,0.1,0,1625.832656,16.25832656,6.12E+43,0.303727531,44,0.055079496,0.125060985
/global/cscratch1/sd/dkhatami/csm_param_study/lightcurves/clean/m5.0e+00_r1.0e+14_k2.0e-01_a1.0e-01_b1.0e-02_d1.0e-01_s0.0e+00.lightcurve,5,1E+14,0.2,0.5,0.01,0.1,0,14345.58226,143.4558226,1.26E+44,2.268864323,51,0.148691129,0.307119547
/global/cscratch1/sd/dkhatami/csm_param_study/lightcurves/clean/m5.0e+00_r1.0e+14_k2.0e-01_a1.0e-01_b3.0e-02_d1.0e-01_s0.0e+00.lightcurve,5,1E+14,0.2,0.5,0.03,0.1,0,14345.58226,430.3674677,1.03E+45,1.037999738,93,0.055796677,0.233903303
/global/cscratch1/sd/dkhatami/csm_param_study/lightcurves/clean/m5.0e+00_r1.0e+14_k2.0e-01_a1.0e-01_b5.0e-02_d1.0e-01_s0.0e+00.lightcurve,5,1E+14,0.2,0.5,0.05,0.1,0,14345.58226,717.2791129,2.29E+45,0.784791871,169,0.034411352,0.324145685
/global/cscratch1/sd/dkhatami/csm_param_study/lightcurves/clean/m5.0e+00_r1.0e+14_k2.0e-01_a1.0e-02_b1.0e-02_d1.0e-01_s0.0e+00.lightcurve,5,1E+14,0.2,0.05,0.01,0.1,0,1434.558226,14.34558226,7.33E+43,1.411603257,58,0.317743696,0.863998885
/global/cscratch1/sd/dkhatami/csm_param_study/lightcurves/clean/m5.0e+00_r1.0e+14_k2.0e-01_a1.0e-02_b3.0e-02_d1.0e-01_s0.0e+00.lightcurve,5,1E+14,0.2,0.05,0.03,0.1,0,1434.558226,43.03674677,1.10E+45,0.74402894,87,0.078054041,0.330649972
/global/cscratch1/sd/dkhatami/csm_param_study/lightcurves/clean/m5.0e+00_r1.0e+14_k2.0e-01_a1.0e-02_b3.3e-02_d1.0e-01_s0.0e+00.lightcurve,5,1E+14,0.2,0.05,0.033,0.1,0,1434.558226,47.34042145,1.34E+45,0.715342214,94,0.071308062,0.313055165
/global/cscratch1/sd/dkhatami/csm_param_study/lightcurves/clean/m5.0e+00_r1.0e+14_k2.0e-01_a1.0e-02_b5.0e-02_d1.0e-01_s0.0e+00.lightcurve,5,1E+14,0.2,0.05,0.05,0.1,0,1434.558226,71.72791129,2.99E+45,0.617794205,140,0.055637959,0.256404188
/global/cscratch1/sd/dkhatami/csm_param_study/lightcurves/clean/m5.0e+00_r1.0e+14_k2.0e-01_a1.0e-03_b1.0e-01_d1.0e-01_s0.0e+00.lightcurve,5,1E+14,0.2,0.005,0.1,0.1,0,143.4558226,14.34558226,9.65E+45,0.450732895,348,0.032422169,0.176248306
/global/cscratch1/sd/dkhatami/csm_param_study/lightcurves/clean/m5.0e+00_r1.0e+14_k2.0e-01_a1.0e-03_b1.0e-02_d1.0e-01_s0.0e+00.lightcurve,5,1E+14,0.2,0.005,0.01,0.1,0,143.4558226,1.434558226,2.60E+43,0.874081498,39,0.280616789,0.441096096
/global/cscratch1/sd/dkhatami/csm_param_study/lightcurves/clean/m5.0e+00_r1.0e+14_k2.0e-01_a1.0e-03_b3.0e-02_d1.0e-01_s0.0e+00.lightcurve,5,1E+14,0.2,0.005,0.03,0.1,0,143.4558226,4.303674677,5.54E+44,0.560892104,65,0.090628432,0.226528686
/global/cscratch1/sd/dkhatami/csm_param_study/lightcurves/clean/m5.0e+00_r1.0e+14_k2.0e-01_a1.0e-03_b5.0e-02_d1.0e-01_s0.0e+00.lightcurve,5,1E+14,0.2,0.005,0.05,0.1,0,143.4558226,7.172791129,2.01E+45,0.502007058,88,0.052435969,0.201176458
/global/cscratch1/sd/dkhatami/csm_param_study/lightcurves/clean/m5.0e+00_r1.0e+14_k2.0e-01_a2.0e-02_b1.0e-02_d1.0e-01_s0.0e+00.lightcurve,5,1E+14,0.2,0.1,0.01,0.1,0,2869.116451,28.69116451,9.37E+43,1.632852573,63,0.278013816,0.801602365
/global/cscratch1/sd/dkhatami/csm_param_study/lightcurves/clean/m5.0e+00_r1.0e+14_k2.0e-01_a2.0e-02_b3.0e-02_d1.0e-01_s0.0e+00.lightcurve,5,1E+14,0.2,0.1,0.03,0.1,0,2869.116451,86.07349354,1.10E+45,0.81798017,95,0.073043925,0.331745829
/global/cscratch1/sd/dkhatami/csm_param_study/lightcurves/clean/m5.0e+00_r1.0e+14_k2.0e-01_a2.0e-02_b5.0e-02_d1.0e-01_s0.0e+00.lightcurve,5,1E+14,0.2,0.1,0.05,0.1,0,2869.116451,143.4558226,2.81E+45,0.660409878,161,0.048813302,0.273576611
/global/cscratch1/sd/dkhatami/csm_param_study/lightcurves/clean/m5.0e+00_r1.0e+14_k2.0e-01_a2.0e-03_b1.0e-01_d1.0e-01_s0.0e+00.lightcurve,5,1E+14,0.2,0.01,0.1,0.1,0,286.9116451,28.69116451,1.13E+46,0.46968697,287,0.037556372,0.201213044
/global/cscratch1/sd/dkhatami/csm_param_study/lightcurves/clean/m5.0e+00_r1.0e+14_k2.0e-01_a2.0e-03_b1.0e-02_d1.0e-01_s0.0e+00.lightcurve,5,1E+14,0.2,0.01,0.01,0.1,0,286.9116451,2.869116451,3.55E+43,0.989749967,44,0.313595744,0.564444419
/global/cscratch1/sd/dkhatami/csm_param_study/lightcurves/clean/m5.0e+00_r1.0e+14_k2.0e-01_a2.0e-03_b3.0e-02_d1.0e-01_s0.0e+00.lightcurve,5,1E+14,0.2,0.01,0.03,0.1,0,286.9116451,8.607349354,7.78E+44,0.616865492,69,0.098278993,0.248619441
/global/cscratch1/sd/dkhatami/csm_param_study/lightcurves/clean/m5.0e+00_r1.0e+14_k2.0e-01_a2.0e-03_b5.0e-02_d1.0e-01_s0.0e+00.lightcurve,5,1E+14,0.2,0.01,0.05,0.1,0,286.9116451,14.34558226,2.84E+45,0.530727865,97,0.058103492,0.21044524
/global/cscratch1/sd/dkhatami/csm_param_study/lightcurves/clean/m5.0e+00_r1.0e+14_k2.0e-01_a4.0e-02_b1.0e-02_d1.0e-01_s0.0e+00.lightcurve,5,1E+14,0.2,0.2,0.01,0.1,0,5738.232903,57.38232903,1.06E+44,1.861244011,68,0.217390671,0.715912461
/global/cscratch1/sd/dkhatami/csm_param_study/lightcurves/clean/m5.0e+00_r1.0e+14_k2.0e-01_a4.0e-02_b3.0e-02_d1.0e-01_s0.0e+00.lightcurve,5,1E+14,0.2,0.2,0.03,0.1,0,5738.232903,172.1469871,1.07E+45,0.898237763,108,0.05062538,0.321513806
/global/cscratch1/sd/dkhatami/csm_param_study/lightcurves/clean/m5.0e+00_r1.0e+14_k2.0e-01_a4.0e-02_b5.0e-02_d1.0e-01_s0.0e+00.lightcurve,5,1E+14,0.2,0.2,0.05,0.1,0,5738.232903,286.9116451,2.57E+45,0.709775758,196,0.040717652,0.292024723
/global/cscratch1/sd/dkhatami/csm_param_study/lightcurves/clean/m5.0e+00_r1.0e+14_k2.0e-01_a4.0e-03_b1.0e-01_d1.0e-01_s0.0e+00.lightcurve,5,1E+14,0.2,0.02,0.1,0.1,0,573.8232903,57.38232903,1.15E+46,0.48828914,282,0.03762458,0.23587379
/global/cscratch1/sd/dkhatami/csm_param_study/lightcurves/clean/m5.0e+00_r1.0e+14_k2.0e-01_a4.0e-03_b1.0e-02_d1.0e-01_s0.0e+00.lightcurve,5,1E+14,0.2,0.02,0.01,0.1,0,573.8232903,5.738232903,4.81E+43,1.138909118,50,0.299273553,0.751843076
/global/cscratch1/sd/dkhatami/csm_param_study/lightcurves/clean/m5.0e+00_r1.0e+14_k2.0e-01_a4.0e-03_b3.0e-02_d1.0e-01_s0.0e+00.lightcurve,5,1E+14,0.2,0.02,0.03,0.1,0,573.8232903,17.21469871,1.02E+45,0.673781065,77,0.102478728,0.283254415
/global/cscratch1/sd/dkhatami/csm_param_study/lightcurves/clean/m5.0e+00_r1.0e+14_k2.0e-01_a4.0e-03_b5.0e-02_d1.0e-01_s0.0e+00.lightcurve,5,1E+14,0.2,0.02,0.05,0.1,0,573.8232903,28.69116451,3.11E+45,0.566063909,122,0.057349252,0.230874447
/global/cscratch1/sd/dkhatami/csm_param_study/lightcurves/clean/m5.0e+00_r1.0e+14_k2.0e-01_a6.0e-02_b1.0e-02_d1.0e-01_s0.0e+00.lightcurve,5,1E+14,0.2,0.3,0.01,0.1,0,8607.349354,86.07349354,1.14E+44,2.038674496,72,0.18433915,0.424150263
/global/cscratch1/sd/dkhatami/csm_param_study/lightcurves/clean/m5.0e+00_r1.0e+14_k2.0e-01_a6.0e-02_b3.0e-02_d1.0e-01_s0.0e+00.lightcurve,5,1E+14,0.2,0.3,0.03,0.1,0,8607.349354,258.2204806,1.06E+45,0.955884629,120,0.053249679,0.293945388
/global/cscratch1/sd/dkhatami/csm_param_study/lightcurves/clean/m5.0e+00_r1.0e+14_k2.0e-01_a6.0e-02_b5.0e-02_d1.0e-01_s0.0e+00.lightcurve,5,1E+14,0.2,0.3,0.05,0.1,0,8607.349354,430.3674677,2.44E+45,0.744280734,222,0.044228481,0.304450905
/global/cscratch1/sd/dkhatami/csm_param_study/lightcurves/clean/m5.0e+00_r1.0e+14_k2.0e-01_a6.0e-03_b1.0e-01_d1.0e-01_s0.0e+00.lightcurve,5,1E+14,0.2,0.03,0.1,0.1,0,860.7349354,86.07349354,1.12E+46,0.502040888,293,0.038172592,0.259075921
/global/cscratch1/sd/dkhatami/csm_param_study/lightcurves/clean/m5.0e+00_r1.0e+14_k2.0e-01_a6.0e-03_b1.0e-02_d1.0e-01_s0.0e+00.lightcurve,5,1E+14,0.2,0.03,0.01,0.1,0,860.7349354,8.607349354,5.80E+43,1.261478913,54,0.317919854,0.793768024
/global/cscratch1/sd/dkhatami/csm_param_study/lightcurves/clean/m5.0e+00_r1.0e+14_k2.0e-01_a6.0e-03_b3.0e-02_d1.0e-01_s0.0e+00.lightcurve,5,1E+14,0.2,0.03,0.03,0.1,0,860.7349354,25.82204806,1.09E+45,0.705082907,83,0.088604336,0.299871445
/global/cscratch1/sd/dkhatami/csm_param_study/lightcurves/clean/m5.0e+00_r1.0e+14_k2.0e-01_a6.0e-03_b5.0e-02_d1.0e-01_s0.0e+00.lightcurve,5,1E+14,0.2,0.03,0.05,0.1,0,860.7349354,43.03674677,3.09E+45,0.58475357,129,0.055470102,0.25255036
/global/cscratch1/sd/dkhatami/csm_param_study/lightcurves/clean/m5.0e+00_r2.0e+13_k2.0e-01_a1.0e-01_b1.0e-02_d1.0e-01_s0.0e+00.lightcurve,5,2E+13,0.2,0.5,0.01,0.1,0,358639.5564,3586.395564,8.49E+43,0.466413869,82,0.010247732,0.034171664
/global/cscratch1/sd/dkhatami/csm_param_study/lightcurves/clean/m5.0e+00_r2.0e+13_k2.0e-01_a1.0e-02_b1.0e-02_d1.0e-01_s0.0e+00.lightcurve,5,2E+13,0.2,0.05,0.01,0.1,0,35863.95564,358.6395564,8.22E+43,0.292389351,52,0.013390157,0.041323302
/global/cscratch1/sd/dkhatami/csm_param_study/lightcurves/clean/m5.0e+00_r2.0e+13_k2.0e-01_a1.0e-02_b3.0e-02_d1.0e-01_s0.0e+00.lightcurve,5,2E+13,0.2,0.05,0.03,0.1,0,35863.95564,1075.918669,4.28E+44,0.151829548,308,0.006124362,0.039875683
/global/cscratch1/sd/dkhatami/csm_param_study/lightcurves/clean/m5.0e+00_r2.0e+13_k2.0e-01_a1.0e-03_b1.0e-02_d1.0e-01_s0.0e+00.lightcurve,5,2E+13,0.2,0.005,0.01,0.1,0,3586.395564,35.86395564,8.49E+43,0.184103627,47,0.02058784,0.052097457
/global/cscratch1/sd/dkhatami/csm_param_study/lightcurves/clean/m5.0e+00_r2.0e+13_k2.0e-01_a1.0e-03_b3.0e-02_d1.0e-01_s0.0e+00.lightcurve,5,2E+13,0.2,0.005,0.03,0.1,0,3586.395564,107.5918669,5.94E+44,0.117138872,206,0.007687314,0.045326355
/global/cscratch1/sd/dkhatami/csm_param_study/lightcurves/clean/m5.0e+00_r2.0e+13_k2.0e-01_a2.0e-02_b1.0e-02_d1.0e-01_s0.0e+00.lightcurve,5,2E+13,0.2,0.1,0.01,0.1,0,71727.91129,717.2791129,8.33E+43,0.336044628,61,0.012168979,0.034575839
/global/cscratch1/sd/dkhatami/csm_param_study/lightcurves/clean/m5.0e+00_r2.0e+13_k2.0e-01_a2.0e-03_b1.0e-02_d1.0e-01_s0.0e+00.lightcurve,5,2E+13,0.2,0.01,0.01,0.1,0,7172.791129,71.72791129,8.36E+43,0.211137307,54,0.019918592,0.046139506
/global/cscratch1/sd/dkhatami/csm_param_study/lightcurves/clean/m5.0e+00_r2.0e+13_k2.0e-01_a4.0e-02_b1.0e-02_d1.0e-01_s0.0e+00.lightcurve,5,2E+13,0.2,0.2,0.01,0.1,0,143455.8226,1434.558226,8.35E+43,0.387108497,107,0.010155538,0.036245788
/global/cscratch1/sd/dkhatami/csm_param_study/lightcurves/clean/m5.0e+00_r2.0e+13_k2.0e-01_a4.0e-03_b1.0e-02_d1.0e-01_s0.0e+00.lightcurve,5,2E+13,0.2,0.02,0.01,0.1,0,14345.58226,143.4558226,8.33E+43,0.241453759,63,0.017120545,0.042636373
/global/cscratch1/sd/dkhatami/csm_param_study/lightcurves/clean/m5.0e+00_r2.0e+13_k2.0e-01_a4.0e-03_b3.0e-02_d1.0e-01_s0.0e+00.lightcurve,5,2E+13,0.2,0.02,0.03,0.1,0,14345.58226,430.3674677,4.78E+44,0.1356671,265,0.007083772,0.045202547
/global/cscratch1/sd/dkhatami/csm_param_study/lightcurves/clean/m5.0e+00_r2.0e+13_k2.0e-01_a6.0e-02_b1.0e-02_d1.0e-01_s0.0e+00.lightcurve,5,2E+13,0.2,0.3,0.01,0.1,0,215183.7339,2151.837339,8.33E+43,0.418840792,114,0.009580823,0.038005154
/global/cscratch1/sd/dkhatami/csm_param_study/lightcurves/clean/m5.0e+00_r2.0e+13_k2.0e-01_a6.0e-03_b1.0e-02_d1.0e-01_s0.0e+00.lightcurve,5,2E+13,0.2,0.03,0.01,0.1,0,21518.37339,215.1837339,8.35E+43,0.26132463,69,0.012771765,0.042227588
/global/cscratch1/sd/dkhatami/csm_param_study/lightcurves/clean/m5.0e+00_r2.0e+13_k2.0e-01_a6.0e-03_b3.0e-02_d1.0e-01_s0.0e+00.lightcurve,5,2E+13,0.2,0.03,0.03,0.1,0,21518.37339,645.5512016,4.51E+44,0.142913362,286,0.007057803,0.042023279
/global/cscratch1/sd/dkhatami/csm_param_study/lightcurves/clean/m5.0e+00_r2.0e+14_k2.0e-01_a1.0e-01_b1.0e-01_d1.0e-01_s0.0e+00.lightcurve,5,2E+14,0.2,0.5,0.1,0.1,0,3586.395564,358.6395564,1.29E+46,1.212099771,305,0.08241222,0.51690055
/global/cscratch1/sd/dkhatami/csm_param_study/lightcurves/clean/m5.0e+00_r2.0e+14_k2.0e-01_a1.0e-01_b1.0e-02_d1.0e-01_s0.0e+00.lightcurve,5,2E+14,0.2,0.5,0.01,0.1,0,3586.395564,35.86395564,1.12E+44,4.555590707,79,0.772344043,2.149635901
/global/cscratch1/sd/dkhatami/csm_param_study/lightcurves/clean/m5.0e+00_r2.0e+14_k2.0e-01_a1.0e-01_b3.0e-02_d1.0e-01_s0.0e+00.lightcurve,5,2E+14,0.2,0.5,0.03,0.1,0,3586.395564,107.5918669,1.43E+45,2.039144183,96,0.1703336,0.804109655
/global/cscratch1/sd/dkhatami/csm_param_study/lightcurves/clean/m5.0e+00_r2.0e+14_k2.0e-01_a1.0e-01_b5.0e-02_d1.0e-01_s0.0e+00.lightcurve,5,2E+14,0.2,0.5,0.05,0.1,0,3586.395564,179.3197782,3.75E+45,1.563536897,141,0.101521734,0.605514431
/global/cscratch1/sd/dkhatami/csm_param_study/lightcurves/clean/m5.0e+00_r2.0e+14_k2.0e-01_a1.0e-02_b1.0e-01_d1.0e-01_s0.0e+00.lightcurve,5,2E+14,0.2,0.05,0.1,0.1,0,358.6395564,35.86395564,1.56E+46,1.019024792,181,0.087483126,0.44947287
/global/cscratch1/sd/dkhatami/csm_param_study/lightcurves/clean/m5.0e+00_r2.0e+14_k2.0e-01_a1.0e-02_b1.0e-02_d1.0e-01_s0.0e+00.lightcurve,5,2E+14,0.2,0.05,0.01,0.1,0,358.6395564,3.586395564,3.97E+43,2.780829246,57,0.900763472,1.757256115
/global/cscratch1/sd/dkhatami/csm_param_study/lightcurves/clean/m5.0e+00_r2.0e+14_k2.0e-01_a1.0e-02_b3.0e-02_d1.0e-01_s0.0e+00.lightcurve,5,2E+14,0.2,0.05,0.03,0.1,0,358.6395564,10.75918669,9.29E+44,1.502566584,79,0.255113087,0.686707779
/global/cscratch1/sd/dkhatami/csm_param_study/lightcurves/clean/m5.0e+00_r2.0e+14_k2.0e-01_a1.0e-02_b5.0e-02_d1.0e-01_s0.0e+00.lightcurve,5,2E+14,0.2,0.05,0.05,0.1,0,358.6395564,17.93197782,3.55E+45,1.243548675,95,0.1758372,0.506213357
/global/cscratch1/sd/dkhatami/csm_param_study/lightcurves/clean/m5.0e+00_r2.0e+14_k2.0e-01_a1.0e-03_b1.0e-01_d1.0e-01_s0.0e+00.lightcurve,5,2E+14,0.2,0.005,0.1,0.1,0,35.86395564,3.586395564,5.48E+45,0.888488016,180,0.066197642,0.338379861
/global/cscratch1/sd/dkhatami/csm_param_study/lightcurves/clean/m5.0e+00_r2.0e+14_k2.0e-01_a1.0e-03_b1.0e-02_d1.0e-01_s0.0e+00.lightcurve,5,2E+14,0.2,0.005,0.01,0.1,0,35.86395564,0.358639556,1.28E+43,1.77174421,38,0.751572483,0.846129061
/global/cscratch1/sd/dkhatami/csm_param_study/lightcurves/clean/m5.0e+00_r2.0e+14_k2.0e-01_a1.0e-03_b3.0e-02_d1.0e-01_s0.0e+00.lightcurve,5,2E+14,0.2,0.005,0.03,0.1,0,35.86395564,1.075918669,2.87E+44,1.114513453,63,0.204583809,0.42819108
/global/cscratch1/sd/dkhatami/csm_param_study/lightcurves/clean/m5.0e+00_r2.0e+14_k2.0e-01_a1.0e-03_b5.0e-02_d1.0e-01_s0.0e+00.lightcurve,5,2E+14,0.2,0.005,0.05,0.1,0,35.86395564,1.793197782,1.06E+45,0.973526906,85,0.11630154,0.373668482
/global/cscratch1/sd/dkhatami/csm_param_study/lightcurves/clean/m5.0e+00_r2.0e+14_k2.0e-01_a2.0e-02_b1.0e-01_d1.0e-01_s0.0e+00.lightcurve,5,2E+14,0.2,0.1,0.1,0.1,0,717.2791129,71.72791129,1.54E+46,1.07261376,204,0.093747368,0.507644869
/global/cscratch1/sd/dkhatami/csm_param_study/lightcurves/clean/m5.0e+00_r2.0e+14_k2.0e-01_a2.0e-02_b1.0e-02_d1.0e-01_s0.0e+00.lightcurve,5,2E+14,0.2,0.1,0.01,0.1,0,717.2791129,7.172791129,5.51E+43,3.274212136,65,0.966363285,2.094260098
/global/cscratch1/sd/dkhatami/csm_param_study/lightcurves/clean/m5.0e+00_r2.0e+14_k2.0e-01_a2.0e-02_b3.0e-02_d1.0e-01_s0.0e+00.lightcurve,5,2E+14,0.2,0.1,0.03,0.1,0,717.2791129,21.51837339,1.23E+45,1.675808976,83,0.276725868,0.737528337
/global/cscratch1/sd/dkhatami/csm_param_study/lightcurves/clean/m5.0e+00_r2.0e+14_k2.0e-01_a2.0e-02_b5.0e-02_d1.0e-01_s0.0e+00.lightcurve,5,2E+14,0.2,0.1,0.05,0.1,0,717.2791129,35.86395564,3.95E+45,1.325821741,112,0.155540164,0.561250026
/global/cscratch1/sd/dkhatami/csm_param_study/lightcurves/clean/m5.0e+00_r2.0e+14_k2.0e-01_a2.0e-03_b1.0e-01_d1.0e-01_s0.0e+00.lightcurve,5,2E+14,0.2,0.01,0.1,0.1,0,71.72791129,7.172791129,8.68E+45,0.915356115,184,0.074706204,0.348758642
/global/cscratch1/sd/dkhatami/csm_param_study/lightcurves/clean/m5.0e+00_r2.0e+14_k2.0e-01_a2.0e-03_b1.0e-02_d1.0e-01_s0.0e+00.lightcurve,5,2E+14,0.2,0.01,0.01,0.1,0,71.72791129,0.717279113,1.84E+43,1.980585929,42,0.771978177,1.02859065
/global/cscratch1/sd/dkhatami/csm_param_study/lightcurves/clean/m5.0e+00_r2.0e+14_k2.0e-01_a2.0e-03_b3.0e-02_d1.0e-01_s0.0e+00.lightcurve,5,2E+14,0.2,0.01,0.03,0.1,0,71.72791129,2.151837339,4.16E+44,1.198959763,67,0.23905618,0.50985594
/global/cscratch1/sd/dkhatami/csm_param_study/lightcurves/clean/m5.0e+00_r2.0e+14_k2.0e-01_a2.0e-03_b5.0e-02_d1.0e-01_s0.0e+00.lightcurve,5,2E+14,0.2,0.01,0.05,0.1,0,71.72791129,3.586395564,1.60E+45,1.045338097,89,0.140778971,0.389331769
/global/cscratch1/sd/dkhatami/csm_param_study/lightcurves/clean/m5.0e+00_r2.0e+14_k2.0e-01_a4.0e-02_b1.0e-01_d1.0e-01_s0.0e+00.lightcurve,5,2E+14,0.2,0.2,0.1,0.1,0,1434.558226,143.4558226,1.45E+46,1.126918671,237,0.089287205,0.56677743
/global/cscratch1/sd/dkhatami/csm_param_study/lightcurves/clean/m5.0e+00_r2.0e+14_k2.0e-01_a4.0e-02_b1.0e-02_d1.0e-01_s0.0e+00.lightcurve,5,2E+14,0.2,0.2,0.01,0.1,0,1434.558226,14.34558226,7.73E+43,3.814386631,72,0.875980034,2.342622201
/global/cscratch1/sd/dkhatami/csm_param_study/lightcurves/clean/m5.0e+00_r2.0e+14_k2.0e-01_a4.0e-02_b3.0e-02_d1.0e-01_s0.0e+00.lightcurve,5,2E+14,0.2,0.2,0.03,0.1,0,1434.558226,43.03674677,1.37E+45,1.8163119,88,0.244719418,0.76331635
/global/cscratch1/sd/dkhatami/csm_param_study/lightcurves/clean/m5.0e+00_r2.0e+14_k2.0e-01_a4.0e-02_b5.0e-02_d1.0e-01_s0.0e+00.lightcurve,5,2E+14,0.2,0.2,0.05,0.1,0,1434.558226,71.72791129,3.92E+45,1.410073597,120,0.129451873,0.613628115
/global/cscratch1/sd/dkhatami/csm_param_study/lightcurves/clean/m5.0e+00_r2.0e+14_k2.0e-01_a4.0e-03_b1.0e-01_d1.0e-01_s0.0e+00.lightcurve,5,2E+14,0.2,0.02,0.1,0.1,0,143.4558226,14.34558226,1.30E+46,0.957644104,185,0.079483608,0.357929855
/global/cscratch1/sd/dkhatami/csm_param_study/lightcurves/clean/m5.0e+00_r2.0e+14_k2.0e-01_a4.0e-03_b1.0e-02_d1.0e-01_s0.0e+00.lightcurve,5,2E+14,0.2,0.02,0.01,0.1,0,143.4558226,1.434558226,2.57E+43,2.303613971,48,0.914190006,1.314870706
/global/cscratch1/sd/dkhatami/csm_param_study/lightcurves/clean/m5.0e+00_r2.0e+14_k2.0e-01_a4.0e-03_b3.0e-02_d1.0e-01_s0.0e+00.lightcurve,5,2E+14,0.2,0.02,0.03,0.1,0,143.4558226,4.303674677,5.89E+44,1.328624452,73,0.279513762,0.579043635
/global/cscratch1/sd/dkhatami/csm_param_study/lightcurves/clean/m5.0e+00_r2.0e+14_k2.0e-01_a4.0e-03_b5.0e-02_d1.0e-01_s0.0e+00.lightcurve,5,2E+14,0.2,0.02,0.05,0.1,0,143.4558226,7.172791129,2.35E+45,1.114922739,92,0.153015634,0.445614002
/global/cscratch1/sd/dkhatami/csm_param_study/lightcurves/clean/m5.0e+00_r2.0e+14_k2.0e-01_a6.0e-02_b1.0e-01_d1.0e-01_s0.0e+00.lightcurve,5,2E+14,0.2,0.3,0.1,0.1,0,2151.837339,215.1837339,1.38E+46,1.16138806,175,0.090090974,0.553482986
/global/cscratch1/sd/dkhatami/csm_param_study/lightcurves/clean/m5.0e+00_r2.0e+14_k2.0e-01_a6.0e-02_b1.0e-02_d1.0e-01_s0.0e+00.lightcurve,5,2E+14,0.2,0.3,0.01,0.1,0,2151.837339,21.51837339,9.33E+43,4.115824179,75,0.79411243,2.413354517
/global/cscratch1/sd/dkhatami/csm_param_study/lightcurves/clean/m5.0e+00_r2.0e+14_k2.0e-01_a6.0e-02_b3.0e-02_d1.0e-01_s0.0e+00.lightcurve,5,2E+14,0.2,0.3,0.03,0.1,0,2151.837339,64.55512016,1.40E+45,1.910553558,91,0.214679642,0.751266251
/global/cscratch1/sd/dkhatami/csm_param_study/lightcurves/clean/m5.0e+00_r2.0e+14_k2.0e-01_a6.0e-02_b5.0e-02_d1.0e-01_s0.0e+00.lightcurve,5,2E+14,0.2,0.3,0.05,0.1,0,2151.837339,107.5918669,3.86E+45,1.479121914,128,0.119633512,0.604148113
/global/cscratch1/sd/dkhatami/csm_param_study/lightcurves/clean/m5.0e+00_r2.0e+14_k2.0e-01_a6.0e-03_b1.0e-01_d1.0e-01_s0.0e+00.lightcurve,5,2E+14,0.2,0.03,0.1,0.1,0,215.1837339,21.51837339,1.47E+46,0.984195513,176,0.088593286,0.391207931
/global/cscratch1/sd/dkhatami/csm_param_study/lightcurves/clean/m5.0e+00_r2.0e+14_k2.0e-01_a6.0e-03_b1.0e-02_d1.0e-01_s0.0e+00.lightcurve,5,2E+14,0.2,0.03,0.01,0.1,0,215.1837339,2.151837339,3.12E+43,2.519737451,52,0.93609993,1.440091478
/global/cscratch1/sd/dkhatami/csm_param_study/lightcurves/clean/m5.0e+00_r2.0e+14_k2.0e-01_a6.0e-03_b3.0e-02_d1.0e-01_s0.0e+00.lightcurve,5,2E+14,0.2,0.03,0.03,0.1,0,215.1837339,6.455512016,7.23E+44,1.404103911,76,0.26593663,0.608686635
/global/cscratch1/sd/dkhatami/csm_param_study/lightcurves/clean/m5.0e+00_r2.0e+14_k2.0e-01_a6.0e-03_b5.0e-02_d1.0e-01_s0.0e+00.lightcurve,5,2E+14,0.2,0.03,0.05,0.1,0,215.1837339,10.75918669,2.88E+45,1.177626096,94,0.162733387,0.457262855
/global/cscratch1/sd/dkhatami/csm_param_study/lightcurves/clean/m5.0e+00_r3.0e+13_k2.0e-01_a1.0e-01_b1.0e-02_d1.0e-01_s0.0e+00.lightcurve,5,3E+13,0.2,0.5,0.01,0.1,0,159395.3584,1593.953584,1.02E+44,0.694017668,70,0.019311954,0.056816954
/global/cscratch1/sd/dkhatami/csm_param_study/lightcurves/clean/m5.0e+00_r3.0e+13_k2.0e-01_a1.0e-01_b3.0e-02_d1.0e-01_s0.0e+00.lightcurve,5,3E+13,0.2,0.5,0.03,0.1,0,159395.3584,4781.860752,5.19E+44,0.314841319,341,0.009060291,0.052172364
/global/cscratch1/sd/dkhatami/csm_param_study/lightcurves/clean/m5.0e+00_r3.0e+13_k2.0e-01_a1.0e-02_b1.0e-02_d1.0e-01_s0.0e+00.lightcurve,5,3E+13,0.2,0.05,0.01,0.1,0,15939.53584,159.3953584,9.13E+43,0.436008419,42,0.030081422,0.063765919
/global/cscratch1/sd/dkhatami/csm_param_study/lightcurves/clean/m5.0e+00_r3.0e+13_k2.0e-01_a1.0e-02_b3.0e-02_d1.0e-01_s0.0e+00.lightcurve,5,3E+13,0.2,0.05,0.03,0.1,0,15939.53584,478.1860752,5.66E+44,0.227382485,145,0.010132845,0.070107885
/global/cscratch1/sd/dkhatami/csm_param_study/lightcurves/clean/m5.0e+00_r3.0e+13_k2.0e-01_a1.0e-03_b1.0e-02_d1.0e-01_s0.0e+00.lightcurve,5,3E+13,0.2,0.005,0.01,0.1,0,1593.953584,15.93953584,7.94E+43,0.275444737,42,0.048916961,0.10483416
/global/cscratch1/sd/dkhatami/csm_param_study/lightcurves/clean/m5.0e+00_r3.0e+13_k2.0e-01_a1.0e-03_b3.0e-02_d1.0e-01_s0.0e+00.lightcurve,5,3E+13,0.2,0.005,0.03,0.1,0,1593.953584,47.81860752,7.60E+44,0.173774953,132,0.013078098,0.067932837
/global/cscratch1/sd/dkhatami/csm_param_study/lightcurves/clean/m5.0e+00_r3.0e+13_k2.0e-01_a1.0e-03_b5.0e-02_d1.0e-01_s0.0e+00.lightcurve,5,3E+13,0.2,0.005,0.05,0.1,0,1593.953584,79.69767921,1.81E+45,0.154233059,221,0.010204964,0.064704903
/global/cscratch1/sd/dkhatami/csm_param_study/lightcurves/clean/m5.0e+00_r3.0e+13_k2.0e-01_a2.0e-02_b1.0e-02_d1.0e-01_s0.0e+00.lightcurve,5,3E+13,0.2,0.1,0.01,0.1,0,31879.07168,318.7907168,9.57E+43,0.501044812,49,0.024854066,0.062376557
/global/cscratch1/sd/dkhatami/csm_param_study/lightcurves/clean/m5.0e+00_r3.0e+13_k2.0e-01_a2.0e-02_b3.0e-02_d1.0e-01_s0.0e+00.lightcurve,5,3E+13,0.2,0.1,0.03,0.1,0,31879.07168,956.3721505,5.31E+44,0.250002106,171,0.009632804,0.060033932
/global/cscratch1/sd/dkhatami/csm_param_study/lightcurves/clean/m5.0e+00_r3.0e+13_k2.0e-01_a2.0e-03_b1.0e-02_d1.0e-01_s0.0e+00.lightcurve,5,3E+13,0.2,0.01,0.01,0.1,0,3187.907168,31.87907168,8.60E+43,0.313079625,31,0.048831391,0.094916216
/global/cscratch1/sd/dkhatami/csm_param_study/lightcurves/clean/m5.0e+00_r3.0e+13_k2.0e-01_a2.0e-03_b3.0e-02_d1.0e-01_s0.0e+00.lightcurve,5,3E+13,0.2,0.01,0.03,0.1,0,3187.907168,95.63721505,7.02E+44,0.188053275,100,0.015238526,0.071317988
/global/cscratch1/sd/dkhatami/csm_param_study/lightcurves/clean/m5.0e+00_r3.0e+13_k2.0e-01_a2.0e-03_b5.0e-02_d1.0e-01_s0.0e+00.lightcurve,5,3E+13,0.2,0.01,0.05,0.1,0,3187.907168,159.3953584,1.64E+45,0.162389541,244,0.010681473,0.069382455
/global/cscratch1/sd/dkhatami/csm_param_study/lightcurves/clean/m5.0e+00_r3.0e+13_k2.0e-01_a4.0e-02_b1.0e-02_d1.0e-01_s0.0e+00.lightcurve,5,3E+13,0.2,0.2,0.01,0.1,0,63758.14337,637.5814337,9.89E+43,0.574276098,57,0.021347147,0.064308881
/global/cscratch1/sd/dkhatami/csm_param_study/lightcurves/clean/m5.0e+00_r3.0e+13_k2.0e-01_a4.0e-02_b3.0e-02_d1.0e-01_s0.0e+00.lightcurve,5,3E+13,0.2,0.2,0.03,0.1,0,63758.14337,1912.744301,5.13E+44,0.275513778,191,0.010379422,0.054519421
/global/cscratch1/sd/dkhatami/csm_param_study/lightcurves/clean/m5.0e+00_r3.0e+13_k2.0e-01_a4.0e-03_b1.0e-02_d1.0e-01_s0.0e+00.lightcurve,5,3E+13,0.2,0.02,0.01,0.1,0,6375.814337,63.75814337,8.85E+43,0.354538782,34,0.038043168,0.08649439
/global/cscratch1/sd/dkhatami/csm_param_study/lightcurves/clean/m5.0e+00_r3.0e+13_k2.0e-01_a4.0e-03_b3.0e-02_d1.0e-01_s0.0e+00.lightcurve,5,3E+13,0.2,0.02,0.03,0.1,0,6375.814337,191.2744301,6.35E+44,0.201908052,116,0.010927931,0.078374326
/global/cscratch1/sd/dkhatami/csm_param_study/lightcurves/clean/m5.0e+00_r3.0e+13_k2.0e-01_a6.0e-02_b1.0e-02_d1.0e-01_s0.0e+00.lightcurve,5,3E+13,0.2,0.3,0.01,0.1,0,95637.21505,956.3721505,1.00E+44,0.627930282,63,0.020784601,0.048523205
/global/cscratch1/sd/dkhatami/csm_param_study/lightcurves/clean/m5.0e+00_r3.0e+13_k2.0e-01_a6.0e-02_b3.0e-02_d1.0e-01_s0.0e+00.lightcurve,5,3E+13,0.2,0.3,0.03,0.1,0,95637.21505,2869.116451,5.10E+44,0.292909564,203,0.009742578,0.055280713
/global/cscratch1/sd/dkhatami/csm_param_study/lightcurves/clean/m5.0e+00_r3.0e+13_k2.0e-01_a6.0e-03_b1.0e-02_d1.0e-01_s0.0e+00.lightcurve,5,3E+13,0.2,0.03,0.01,0.1,0,9563.721505,95.63721505,9.04E+43,0.386596475,37,0.034430472,0.073233582
/global/cscratch1/sd/dkhatami/csm_param_study/lightcurves/clean/m5.0e+00_r3.0e+13_k2.0e-01_a6.0e-03_b3.0e-02_d1.0e-01_s0.0e+00.lightcurve,5,3E+13,0.2,0.03,0.03,0.1,0,9563.721505,286.9116451,6.00E+44,0.213792119,128,0.012559576,0.074434391
/global/cscratch1/sd/dkhatami/csm_param_study/lightcurves/clean/m5.0e+00_r3.0e+14_k2.0e-01_a1.0e-01_b1.0e-01_d1.0e-01_s0.0e+00.lightcurve,5,3E+14,0.2,0.5,0.1,0.1,0,1593.953584,159.3953584,1.73E+46,1.804109493,214,0.144208421,0.850143209
/global/cscratch1/sd/dkhatami/csm_param_study/lightcurves/clean/m5.0e+00_r3.0e+14_k2.0e-01_a1.0e-01_b1.0e-02_d1.0e-01_s0.0e+00.lightcurve,5,3E+14,0.2,0.5,0.01,0.1,0,1593.953584,15.93953584,8.56E+43,6.880803903,81,1.57932874,4.128996444
/global/cscratch1/sd/dkhatami/csm_param_study/lightcurves/clean/m5.0e+00_r3.0e+14_k2.0e-01_a1.0e-01_b3.0e-02_d1.0e-01_s0.0e+00.lightcurve,5,3E+14,0.2,0.5,0.03,0.1,0,1593.953584,47.81860752,1.56E+45,3.128381889,62,0.41487823,1.244521675
/global/cscratch1/sd/dkhatami/csm_param_study/lightcurves/clean/m5.0e+00_r3.0e+14_k2.0e-01_a1.0e-01_b5.0e-02_d1.0e-01_s0.0e+00.lightcurve,5,3E+14,0.2,0.5,0.05,0.1,0,1593.953584,79.69767921,4.58E+45,2.33025554,78,0.204102235,0.987431134
/global/cscratch1/sd/dkhatami/csm_param_study/lightcurves/clean/m5.0e+00_r3.0e+14_k2.0e-01_a1.0e-02_b1.0e-01_d1.0e-01_s0.0e+00.lightcurve,5,3E+14,0.2,0.05,0.1,0.1,0,159.3953584,15.93953584,1.57E+46,1.524713138,101,0.155629487,0.542990855
/global/cscratch1/sd/dkhatami/csm_param_study/lightcurves/clean/m5.0e+00_r3.0e+14_k2.0e-01_a1.0e-02_b1.0e-02_d1.0e-01_s0.0e+00.lightcurve,5,3E+14,0.2,0.05,0.01,0.1,0,159.3953584,1.593953584,2.77E+43,4.178982668,55,1.677868701,2.442410035
/global/cscratch1/sd/dkhatami/csm_param_study/lightcurves/clean/m5.0e+00_r3.0e+14_k2.0e-01_a1.0e-02_b3.0e-02_d1.0e-01_s0.0e+00.lightcurve,5,3E+14,0.2,0.05,0.03,0.1,0,159.3953584,4.781860752,6.50E+44,2.255586083,79,0.498453884,0.963935557
/global/cscratch1/sd/dkhatami/csm_param_study/lightcurves/clean/m5.0e+00_r3.0e+14_k2.0e-01_a1.0e-02_b5.0e-02_d1.0e-01_s0.0e+00.lightcurve,5,3E+14,0.2,0.05,0.05,0.1,0,159.3953584,7.969767921,2.67E+45,1.833465693,64,0.294126717,0.713031443
/global/cscratch1/sd/dkhatami/csm_param_study/lightcurves/clean/m5.0e+00_r3.0e+14_k2.0e-01_a1.0e-03_b1.0e-01_d1.0e-01_s0.0e+00.lightcurve,5,3E+14,0.2,0.005,0.1,0.1,0,15.93953584,1.593953584,3.69E+45,1.320497121,92,0.105130511,0.515590411
/global/cscratch1/sd/dkhatami/csm_param_study/lightcurves/clean/m5.0e+00_r3.0e+14_k2.0e-01_a1.0e-03_b1.0e-02_d1.0e-01_s0.0e+00.lightcurve,5,3E+14,0.2,0.005,0.01,0.1,0,15.93953584,0.159395358,8.38E+42,2.709232883,38,1.318441469,1.187416886
/global/cscratch1/sd/dkhatami/csm_param_study/lightcurves/clean/m5.0e+00_r3.0e+14_k2.0e-01_a1.0e-03_b3.0e-02_d1.0e-01_s0.0e+00.lightcurve,5,3E+14,0.2,0.005,0.03,0.1,0,15.93953584,0.478186075,1.94E+44,1.639409648,61,0.308818553,0.644483693
/global/cscratch1/sd/dkhatami/csm_param_study/lightcurves/clean/m5.0e+00_r3.0e+14_k2.0e-01_a1.0e-03_b5.0e-02_d1.0e-01_s0.0e+00.lightcurve,5,3E+14,0.2,0.005,0.05,0.1,0,15.93953584,0.796976792,7.20E+44,1.464177768,84,0.196612922,0.537663511
/global/cscratch1/sd/dkhatami/csm_param_study/lightcurves/clean/m5.0e+00_r3.0e+14_k2.0e-01_a2.0e-02_b1.0e-01_d1.0e-01_s0.0e+00.lightcurve,5,3E+14,0.2,0.1,0.1,0.1,0,318.7907168,31.87907168,1.83E+46,1.594173238,158,0.15433115,0.677269852
/global/cscratch1/sd/dkhatami/csm_param_study/lightcurves/clean/m5.0e+00_r3.0e+14_k2.0e-01_a2.0e-02_b1.0e-02_d1.0e-01_s0.0e+00.lightcurve,5,3E+14,0.2,0.1,0.01,0.1,0,318.7907168,3.187907168,3.90E+43,4.891350433,63,1.670706986,2.890110132
/global/cscratch1/sd/dkhatami/csm_param_study/lightcurves/clean/m5.0e+00_r3.0e+14_k2.0e-01_a2.0e-02_b3.0e-02_d1.0e-01_s0.0e+00.lightcurve,5,3E+14,0.2,0.1,0.03,0.1,0,318.7907168,9.563721505,9.22E+44,2.468192328,84,0.492591502,1.157776519
/global/cscratch1/sd/dkhatami/csm_param_study/lightcurves/clean/m5.0e+00_r3.0e+14_k2.0e-01_a2.0e-02_b5.0e-02_d1.0e-01_s0.0e+00.lightcurve,5,3E+14,0.2,0.1,0.05,0.1,0,318.7907168,15.93953584,3.75E+45,1.986821004,99,0.280645265,0.802326493
/global/cscratch1/sd/dkhatami/csm_param_study/lightcurves/clean/m5.0e+00_r3.0e+14_k2.0e-01_a2.0e-03_b1.0e-01_d1.0e-01_s0.0e+00.lightcurve,5,3E+14,0.2,0.01,0.1,0.1,0,31.87907168,3.187907168,5.92E+45,1.361735343,141,0.110910647,0.519528975
/global/cscratch1/sd/dkhatami/csm_param_study/lightcurves/clean/m5.0e+00_r3.0e+14_k2.0e-01_a2.0e-03_b1.0e-02_d1.0e-01_s0.0e+00.lightcurve,5,3E+14,0.2,0.01,0.01,0.1,0,31.87907168,0.318790717,1.23E+43,2.962113329,41,1.354241162,1.571395328
/global/cscratch1/sd/dkhatami/csm_param_study/lightcurves/clean/m5.0e+00_r3.0e+14_k2.0e-01_a2.0e-03_b3.0e-02_d1.0e-01_s0.0e+00.lightcurve,5,3E+14,0.2,0.01,0.03,0.1,0,31.87907168,0.95637215,2.86E+44,1.779582106,65,0.362191859,0.729805555
/global/cscratch1/sd/dkhatami/csm_param_study/lightcurves/clean/m5.0e+00_r3.0e+14_k2.0e-01_a2.0e-03_b5.0e-02_d1.0e-01_s0.0e+00.lightcurve,5,3E+14,0.2,0.01,0.05,0.1,0,31.87907168,1.593953584,1.10E+45,1.554415751,87,0.234074166,0.581202512
/global/cscratch1/sd/dkhatami/csm_param_study/lightcurves/clean/m5.0e+00_r3.0e+14_k2.0e-01_a4.0e-02_b1.0e-01_d1.0e-01_s0.0e+00.lightcurve,5,3E+14,0.2,0.2,0.1,0.1,0,637.5814337,63.75814337,1.85E+46,1.677473991,177,0.149907315,0.779097391
/global/cscratch1/sd/dkhatami/csm_param_study/lightcurves/clean/m5.0e+00_r3.0e+14_k2.0e-01_a4.0e-02_b1.0e-02_d1.0e-01_s0.0e+00.lightcurve,5,3E+14,0.2,0.2,0.01,0.1,0,637.5814337,6.375814337,5.45E+43,5.657277567,71,1.66739493,3.414820546
/global/cscratch1/sd/dkhatami/csm_param_study/lightcurves/clean/m5.0e+00_r3.0e+14_k2.0e-01_a4.0e-02_b3.0e-02_d1.0e-01_s0.0e+00.lightcurve,5,3E+14,0.2,0.2,0.03,0.1,0,637.5814337,19.12744301,1.28E+45,2.735070171,88,0.45224317,1.23836322
/global/cscratch1/sd/dkhatami/csm_param_study/lightcurves/clean/m5.0e+00_r3.0e+14_k2.0e-01_a4.0e-02_b5.0e-02_d1.0e-01_s0.0e+00.lightcurve,5,3E+14,0.2,0.2,0.05,0.1,0,637.5814337,31.87907168,4.47E+45,2.131324868,107,0.267330128,0.900047253
/global/cscratch1/sd/dkhatami/csm_param_study/lightcurves/clean/m5.0e+00_r3.0e+14_k2.0e-01_a4.0e-03_b1.0e-01_d1.0e-01_s0.0e+00.lightcurve,5,3E+14,0.2,0.02,0.1,0.1,0,63.75814337,6.375814337,9.26E+45,1.421169721,144,0.136478034,0.521588973
/global/cscratch1/sd/dkhatami/csm_param_study/lightcurves/clean/m5.0e+00_r3.0e+14_k2.0e-01_a4.0e-03_b1.0e-02_d1.0e-01_s0.0e+00.lightcurve,5,3E+14,0.2,0.02,0.01,0.1,0,63.75814337,0.637581434,1.73E+43,3.49289357,47,1.595545779,1.7908943
/global/cscratch1/sd/dkhatami/csm_param_study/lightcurves/clean/m5.0e+00_r3.0e+14_k2.0e-01_a4.0e-03_b3.0e-02_d1.0e-01_s0.0e+00.lightcurve,5,3E+14,0.2,0.02,0.03,0.1,0,63.75814337,1.912744301,4.08E+44,1.946025325,70,0.420364059,0.868339402
/global/cscratch1/sd/dkhatami/csm_param_study/lightcurves/clean/m5.0e+00_r3.0e+14_k2.0e-01_a4.0e-03_b5.0e-02_d1.0e-01_s0.0e+00.lightcurve,5,3E+14,0.2,0.02,0.05,0.1,0,63.75814337,3.187907168,1.62E+45,1.660312394,91,0.251533134,0.630882914
/global/cscratch1/sd/dkhatami/csm_param_study/lightcurves/clean/m5.0e+00_r3.0e+14_k2.0e-01_a6.0e-02_b1.0e-01_d1.0e-01_s0.0e+00.lightcurve,5,3E+14,0.2,0.3,0.1,0.1,0,956.3721505,95.63721505,1.81E+46,1.731548826,190,0.151020693,0.834304635
/global/cscratch1/sd/dkhatami/csm_param_study/lightcurves/clean/m5.0e+00_r3.0e+14_k2.0e-01_a6.0e-02_b1.0e-02_d1.0e-01_s0.0e+00.lightcurve,5,3E+14,0.2,0.3,0.01,0.1,0,956.3721505,9.563721505,6.65E+43,6.0910199,75,1.530127599,3.917262043
/global/cscratch1/sd/dkhatami/csm_param_study/lightcurves/clean/m5.0e+00_r3.0e+14_k2.0e-01_a6.0e-02_b3.0e-02_d1.0e-01_s0.0e+00.lightcurve,5,3E+14,0.2,0.3,0.03,0.1,0,956.3721505,28.69116451,1.46E+45,2.895436379,90,0.430834175,1.271900524
/global/cscratch1/sd/dkhatami/csm_param_study/lightcurves/clean/m5.0e+00_r3.0e+14_k2.0e-01_a6.0e-02_b5.0e-02_d1.0e-01_s0.0e+00.lightcurve,5,3E+14,0.2,0.3,0.05,0.1,0,956.3721505,47.81860752,4.58E+45,2.225603294,112,0.251159036,0.958542136
/global/cscratch1/sd/dkhatami/csm_param_study/lightcurves/clean/m5.0e+00_r3.0e+14_k2.0e-01_a6.0e-03_b1.0e-01_d1.0e-01_s0.0e+00.lightcurve,5,3E+14,0.2,0.03,0.1,0.1,0,95.63721505,9.563721505,1.18E+46,1.464562312,144,0.139574677,0.534230454
/global/cscratch1/sd/dkhatami/csm_param_study/lightcurves/clean/m5.0e+00_r3.0e+14_k2.0e-01_a6.0e-03_b1.0e-02_d1.0e-01_s0.0e+00.lightcurve,5,3E+14,0.2,0.03,0.01,0.1,0,95.63721505,0.95637215,2.14E+43,3.743198309,50,1.53849097,2.090049057
/global/cscratch1/sd/dkhatami/csm_param_study/lightcurves/clean/m5.0e+00_r3.0e+14_k2.0e-01_a6.0e-03_b3.0e-02_d1.0e-01_s0.0e+00.lightcurve,5,3E+14,0.2,0.03,0.03,0.1,0,95.63721505,2.869116451,5.00E+44,2.079175167,74,0.473879047,0.907999888
/global/cscratch1/sd/dkhatami/csm_param_study/lightcurves/clean/m5.0e+00_r3.0e+14_k2.0e-01_a6.0e-03_b5.0e-02_d1.0e-01_s0.0e+00.lightcurve,5,3E+14,0.2,0.03,0.05,0.1,0,95.63721505,4.781860752,2.02E+45,1.743799164,94,0.289361709,0.66464966
/global/cscratch1/sd/dkhatami/csm_param_study/lightcurves/clean/m5.0e+00_r5.0e+13_k2.0e-01_a1.0e-01_b1.0e-02_d1.0e-01_s0.0e+00.lightcurve,5,5E+13,0.2,0.5,0.01,0.1,0,57382.32903,573.8232903,1.22E+44,1.148543795,57,0.046571679,0.085957109
/global/cscratch1/sd/dkhatami/csm_param_study/lightcurves/clean/m5.0e+00_r5.0e+13_k2.0e-01_a1.0e-01_b3.0e-02_d1.0e-01_s0.0e+00.lightcurve,5,5E+13,0.2,0.5,0.03,0.1,0,57382.32903,1721.469871,6.82E+44,0.522328517,161,0.020123185,0.091988992
/global/cscratch1/sd/dkhatami/csm_param_study/lightcurves/clean/m5.0e+00_r5.0e+13_k2.0e-01_a1.0e-02_b1.0e-02_d1.0e-01_s0.0e+00.lightcurve,5,5E+13,0.2,0.05,0.01,0.1,0,5738.232903,57.38232903,9.37E+43,0.717741718,57,0.091201015,0.18118974
/global/cscratch1/sd/dkhatami/csm_param_study/lightcurves/clean/m5.0e+00_r5.0e+13_k2.0e-01_a1.0e-02_b3.0e-02_d1.0e-01_s0.0e+00.lightcurve,5,5E+13,0.2,0.05,0.03,0.1,0,5738.232903,172.1469871,7.96E+44,0.374557448,130,0.021281642,0.143093976
/global/cscratch1/sd/dkhatami/csm_param_study/lightcurves/clean/m5.0e+00_r5.0e+13_k2.0e-01_a1.0e-02_b5.0e-02_d1.0e-01_s0.0e+00.lightcurve,5,5E+13,0.2,0.05,0.05,0.1,0,5738.232903,286.9116451,1.85E+45,0.311475325,268,0.020678377,0.132579288
/global/cscratch1/sd/dkhatami/csm_param_study/lightcurves/clean/m5.0e+00_r5.0e+13_k2.0e-01_a1.0e-03_b1.0e-02_d1.0e-01_s0.0e+00.lightcurve,5,5E+13,0.2,0.005,0.01,0.1,0,573.8232903,5.738232903,5.16E+43,0.434135572,40,0.097235579,0.217518787
/global/cscratch1/sd/dkhatami/csm_param_study/lightcurves/clean/m5.0e+00_r5.0e+13_k2.0e-01_a1.0e-03_b3.0e-02_d1.0e-01_s0.0e+00.lightcurve,5,5E+13,0.2,0.005,0.03,0.1,0,573.8232903,17.21469871,8.94E+44,0.285030603,87,0.029261682,0.116729057
/global/cscratch1/sd/dkhatami/csm_param_study/lightcurves/clean/m5.0e+00_r5.0e+13_k2.0e-01_a1.0e-03_b5.0e-02_d1.0e-01_s0.0e+00.lightcurve,5,5E+13,0.2,0.005,0.05,0.1,0,573.8232903,28.69116451,2.38E+45,0.254152291,169,0.02139315,0.1039429
/global/cscratch1/sd/dkhatami/csm_param_study/lightcurves/clean/m5.0e+00_r5.0e+13_k2.0e-01_a2.0e-02_b1.0e-02_d1.0e-01_s0.0e+00.lightcurve,5,5E+13,0.2,0.1,0.01,0.1,0,11476.46581,114.7646581,1.01E+44,0.82705526,63,0.076422462,0.13981846
/global/cscratch1/sd/dkhatami/csm_param_study/lightcurves/clean/m5.0e+00_r5.0e+13_k2.0e-01_a2.0e-02_b3.0e-02_d1.0e-01_s0.0e+00.lightcurve,5,5E+13,0.2,0.1,0.03,0.1,0,11476.46581,344.2939742,7.44E+44,0.414189186,159,0.020767904,0.128460234
/global/cscratch1/sd/dkhatami/csm_param_study/lightcurves/clean/m5.0e+00_r5.0e+13_k2.0e-01_a2.0e-02_b5.0e-02_d1.0e-01_s0.0e+00.lightcurve,5,5E+13,0.2,0.1,0.05,0.1,0,11476.46581,573.8232903,1.65E+45,0.3330509,313,0.019096289,0.152633033
/global/cscratch1/sd/dkhatami/csm_param_study/lightcurves/clean/m5.0e+00_r5.0e+13_k2.0e-01_a2.0e-03_b1.0e-02_d1.0e-01_s0.0e+00.lightcurve,5,5E+13,0.2,0.01,0.01,0.1,0,1147.646581,11.47646581,6.87E+43,0.512343626,45,0.10724498,0.25598794
/global/cscratch1/sd/dkhatami/csm_param_study/lightcurves/clean/m5.0e+00_r5.0e+13_k2.0e-01_a2.0e-03_b3.0e-02_d1.0e-01_s0.0e+00.lightcurve,5,5E+13,0.2,0.01,0.03,0.1,0,1147.646581,34.42939742,9.10E+44,0.307411089,97,0.030545551,0.124489967
/global/cscratch1/sd/dkhatami/csm_param_study/lightcurves/clean/m5.0e+00_r5.0e+13_k2.0e-01_a2.0e-03_b5.0e-02_d1.0e-01_s0.0e+00.lightcurve,5,5E+13,0.2,0.01,0.05,0.1,0,1147.646581,57.38232903,2.32E+45,0.269330918,189,0.021015887,0.112570361
/global/cscratch1/sd/dkhatami/csm_param_study/lightcurves/clean/m5.0e+00_r5.0e+13_k2.0e-01_a4.0e-02_b1.0e-02_d1.0e-01_s0.0e+00.lightcurve,5,5E+13,0.2,0.2,0.01,0.1,0,22952.93161,229.5293161,1.10E+44,0.957792394,72,0.056777296,0.115757371
/global/cscratch1/sd/dkhatami/csm_param_study/lightcurves/clean/m5.0e+00_r5.0e+13_k2.0e-01_a4.0e-02_b3.0e-02_d1.0e-01_s0.0e+00.lightcurve,5,5E+13,0.2,0.2,0.03,0.1,0,22952.93161,688.5879483,7.06E+44,0.455149783,194,0.018116386,0.107189624
/global/cscratch1/sd/dkhatami/csm_param_study/lightcurves/clean/m5.0e+00_r5.0e+13_k2.0e-01_a4.0e-03_b1.0e-02_d1.0e-01_s0.0e+00.lightcurve,5,5E+13,0.2,0.02,0.01,0.1,0,2295.293161,22.95293161,8.40E+43,0.583381747,49,0.08407933,0.259583045
/global/cscratch1/sd/dkhatami/csm_param_study/lightcurves/clean/m5.0e+00_r5.0e+13_k2.0e-01_a4.0e-03_b3.0e-02_d1.0e-01_s0.0e+00.lightcurve,5,5E+13,0.2,0.02,0.03,0.1,0,2295.293161,68.85879483,8.71E+44,0.332876726,107,0.02508673,0.137007175
/global/cscratch1/sd/dkhatami/csm_param_study/lightcurves/clean/m5.0e+00_r5.0e+13_k2.0e-01_a4.0e-03_b5.0e-02_d1.0e-01_s0.0e+00.lightcurve,5,5E+13,0.2,0.02,0.05,0.1,0,2295.293161,114.7646581,2.15E+45,0.285120888,217,0.019854377,0.12103378
/global/cscratch1/sd/dkhatami/csm_param_study/lightcurves/clean/m5.0e+00_r5.0e+13_k2.0e-01_a6.0e-02_b1.0e-02_d1.0e-01_s0.0e+00.lightcurve,5,5E+13,0.2,0.3,0.01,0.1,0,34429.39742,344.2939742,1.15E+44,1.027355531,77,0.036093994,0.118343176
/global/cscratch1/sd/dkhatami/csm_param_study/lightcurves/clean/m5.0e+00_r5.0e+13_k2.0e-01_a6.0e-02_b3.0e-02_d1.0e-01_s0.0e+00.lightcurve,5,5E+13,0.2,0.3,0.03,0.1,0,34429.39742,1032.881923,6.94E+44,0.481492564,144,0.017178635,0.098211953
/global/cscratch1/sd/dkhatami/csm_param_study/lightcurves/clean/m5.0e+00_r5.0e+13_k2.0e-01_a6.0e-03_b1.0e-02_d1.0e-01_s0.0e+00.lightcurve,5,5E+13,0.2,0.03,0.01,0.1,0,3442.939742,34.42939742,8.89E+43,0.647748632,35,0.103450211,0.244356747
/global/cscratch1/sd/dkhatami/csm_param_study/lightcurves/clean/m5.0e+00_r5.0e+13_k2.0e-01_a6.0e-03_b3.0e-02_d1.0e-01_s0.0e+00.lightcurve,5,5E+13,0.2,0.03,0.03,0.1,0,3442.939742,103.2881923,8.40E+44,0.351720968,77,0.024761683,0.135482134
/global/cscratch1/sd/dkhatami/csm_param_study/lightcurves/clean/m5.0e+00_r5.0e+13_k2.0e-01_a6.0e-03_b5.0e-02_d1.0e-01_s0.0e+00.lightcurve,5,5E+13,0.2,0.03,0.05,0.1,0,3442.939742,172.1469871,2.02E+45,0.295759655,158,0.021276102,0.12670385
/global/cscratch1/sd/dkhatami/csm_param_study/lightcurves/clean/m5.0e+00_r5.0e+14_k2.0e-01_a1.0e-01_b1.0e-01_d1.0e-01_s0.0e+00.lightcurve,5,5E+14,0.2,0.5,0.1,0.1,0,573.8232903,57.38232903,2.30E+46,2.98527106,158,0.271336662,1.346838231
/global/cscratch1/sd/dkhatami/csm_param_study/lightcurves/clean/m5.0e+00_r5.0e+14_k2.0e-01_a1.0e-01_b1.0e-02_d1.0e-01_s0.0e+00.lightcurve,5,5E+14,0.2,0.5,0.01,0.1,0,573.8232903,5.738232903,5.56E+43,11.21865936,158,3.37588897,6.53263447
/global/cscratch1/sd/dkhatami/csm_param_study/lightcurves/clean/m5.0e+00_r5.0e+14_k2.0e-01_a1.0e-01_b3.0e-02_d1.0e-01_s0.0e+00.lightcurve,5,5E+14,0.2,0.5,0.03,0.1,0,573.8232903,17.21469871,1.33E+45,5.217017668,96,0.908879944,2.378752149
/global/cscratch1/sd/dkhatami/csm_param_study/lightcurves/clean/m5.0e+00_r5.0e+14_k2.0e-01_a1.0e-01_b5.0e-02_d1.0e-01_s0.0e+00.lightcurve,5,5E+14,0.2,0.5,0.05,0.1,0,573.8232903,28.69116451,5.18E+45,3.95120992,107,0.512174423,1.628705639
/global/cscratch1/sd/dkhatami/csm_param_study/lightcurves/clean/m5.0e+00_r5.0e+14_k2.0e-01_a1.0e-02_b1.0e-01_d1.0e-01_s0.0e+00.lightcurve,5,5E+14,0.2,0.05,0.1,0.1,0,57.38232903,5.738232903,1.01E+46,2.515689229,135,0.282894996,0.869595288
/global/cscratch1/sd/dkhatami/csm_param_study/lightcurves/clean/m5.0e+00_r5.0e+14_k2.0e-01_a1.0e-02_b1.0e-02_d1.0e-01_s0.0e+00.lightcurve,5,5E+14,0.2,0.05,0.01,0.1,0,57.38232903,0.57382329,1.68E+43,6.985669679,53,3.236723196,3.764966679
/global/cscratch1/sd/dkhatami/csm_param_study/lightcurves/clean/m5.0e+00_r5.0e+14_k2.0e-01_a1.0e-02_b3.0e-02_d1.0e-01_s0.0e+00.lightcurve,5,5E+14,0.2,0.05,0.03,0.1,0,57.38232903,1.721469871,4.09E+44,3.677276206,75,0.905553091,1.6151041
/global/cscratch1/sd/dkhatami/csm_param_study/lightcurves/clean/m5.0e+00_r5.0e+14_k2.0e-01_a1.0e-02_b5.0e-02_d1.0e-01_s0.0e+00.lightcurve,5,5E+14,0.2,0.05,0.05,0.1,0,57.38232903,2.869116451,1.68E+45,3.015548984,94,0.508455945,1.172691962
/global/cscratch1/sd/dkhatami/csm_param_study/lightcurves/clean/m5.0e+00_r5.0e+14_k2.0e-01_a1.0e-03_b1.0e-01_d1.0e-01_s0.0e+00.lightcurve,5,5E+14,0.2,0.005,0.1,0.1,0,5.738232903,0.57382329,2.23E+45,2.19277436,135,0.173644179,0.861555896
/global/cscratch1/sd/dkhatami/csm_param_study/lightcurves/clean/m5.0e+00_r5.0e+14_k2.0e-01_a1.0e-03_b1.0e-02_d1.0e-01_s0.0e+00.lightcurve,5,5E+14,0.2,0.005,0.01,0.1,0,5.738232903,0.057382329,4.94E+42,4.571236592,38,2.236342072,2.173192164
/global/cscratch1/sd/dkhatami/csm_param_study/lightcurves/clean/m5.0e+00_r5.0e+14_k2.0e-01_a1.0e-03_b3.0e-02_d1.0e-01_s0.0e+00.lightcurve,5,5E+14,0.2,0.005,0.03,0.1,0,5.738232903,0.172146987,1.17E+44,2.783701744,61,0.634179248,1.020560737
/global/cscratch1/sd/dkhatami/csm_param_study/lightcurves/clean/m5.0e+00_r5.0e+14_k2.0e-01_a1.0e-03_b5.0e-02_d1.0e-01_s0.0e+00.lightcurve,5,5E+14,0.2,0.005,0.05,0.1,0,5.738232903,0.286911645,4.40E+44,2.408173454,82,0.328380575,0.935154684
/global/cscratch1/sd/dkhatami/csm_param_study/lightcurves/clean/m5.0e+00_r5.0e+14_k2.0e-01_a2.0e-02_b1.0e-01_d1.0e-01_s0.0e+00.lightcurve,5,5E+14,0.2,0.1,0.1,0.1,0,114.7646581,11.47646581,1.52E+46,2.651168416,135,0.28652459,0.974989609
/global/cscratch1/sd/dkhatami/csm_param_study/lightcurves/clean/m5.0e+00_r5.0e+14_k2.0e-01_a2.0e-02_b1.0e-02_d1.0e-01_s0.0e+00.lightcurve,5,5E+14,0.2,0.1,0.01,0.1,0,114.7646581,1.147646581,2.44E+43,8.123450969,60,3.415891261,4.259751016
/global/cscratch1/sd/dkhatami/csm_param_study/lightcurves/clean/m5.0e+00_r5.0e+14_k2.0e-01_a2.0e-02_b3.0e-02_d1.0e-01_s0.0e+00.lightcurve,5,5E+14,0.2,0.1,0.03,0.1,0,114.7646581,3.442939742,5.89E+44,4.09276712,82,0.961428129,1.829101939
/global/cscratch1/sd/dkhatami/csm_param_study/lightcurves/clean/m5.0e+00_r5.0e+14_k2.0e-01_a2.0e-02_b5.0e-02_d1.0e-01_s0.0e+00.lightcurve,5,5E+14,0.2,0.1,0.05,0.1,0,114.7646581,5.738232903,2.45E+45,3.297028531,100,0.598456879,1.281094797
/global/cscratch1/sd/dkhatami/csm_param_study/lightcurves/clean/m5.0e+00_r5.0e+14_k2.0e-01_a2.0e-03_b1.0e-01_d1.0e-01_s0.0e+00.lightcurve,5,5E+14,0.2,0.01,0.1,0.1,0,11.47646581,1.147646581,3.58E+45,2.253839319,133,0.188149036,0.870909232
/global/cscratch1/sd/dkhatami/csm_param_study/lightcurves/clean/m5.0e+00_r5.0e+14_k2.0e-01_a2.0e-03_b1.0e-02_d1.0e-01_s0.0e+00.lightcurve,5,5E+14,0.2,0.01,0.01,0.1,0,11.47646581,0.114764658,7.33E+42,5.058828171,41,2.610160297,2.486199453
/global/cscratch1/sd/dkhatami/csm_param_study/lightcurves/clean/m5.0e+00_r5.0e+14_k2.0e-01_a2.0e-03_b3.0e-02_d1.0e-01_s0.0e+00.lightcurve,5,5E+14,0.2,0.01,0.03,0.1,0,11.47646581,0.344293974,1.76E+44,2.997080097,64,0.733196216,1.162455187
/global/cscratch1/sd/dkhatami/csm_param_study/lightcurves/clean/m5.0e+00_r5.0e+14_k2.0e-01_a2.0e-03_b5.0e-02_d1.0e-01_s0.0e+00.lightcurve,5,5E+14,0.2,0.01,0.05,0.1,0,11.47646581,0.57382329,6.75E+44,2.541548934,84,0.390857222,0.968274639
/global/cscratch1/sd/dkhatami/csm_param_study/lightcurves/clean/m5.0e+00_r5.0e+14_k2.0e-01_a4.0e-02_b1.0e-01_d1.0e-01_s0.0e+00.lightcurve,5,5E+14,0.2,0.2,0.1,0.1,0,229.5293161,22.95293161,2.11E+46,2.788367543,139,0.304166393,1.100602357
/global/cscratch1/sd/dkhatami/csm_param_study/lightcurves/clean/m5.0e+00_r5.0e+14_k2.0e-01_a4.0e-02_b1.0e-02_d1.0e-01_s0.0e+00.lightcurve,5,5E+14,0.2,0.2,0.01,0.1,0,229.5293161,2.295293161,3.51E+43,9.238633494,67,3.392321919,5.288102788
/global/cscratch1/sd/dkhatami/csm_param_study/lightcurves/clean/m5.0e+00_r5.0e+14_k2.0e-01_a4.0e-02_b3.0e-02_d1.0e-01_s0.0e+00.lightcurve,5,5E+14,0.2,0.2,0.03,0.1,0,229.5293161,6.885879483,8.42E+44,4.559770654,89,1.029551789,2.082727514
/global/cscratch1/sd/dkhatami/csm_param_study/lightcurves/clean/m5.0e+00_r5.0e+14_k2.0e-01_a4.0e-02_b5.0e-02_d1.0e-01_s0.0e+00.lightcurve,5,5E+14,0.2,0.2,0.05,0.1,0,229.5293161,11.47646581,3.54E+45,3.556323728,104,0.546451492,1.414015947
/global/cscratch1/sd/dkhatami/csm_param_study/lightcurves/clean/m5.0e+00_r5.0e+14_k2.0e-01_a4.0e-03_b1.0e-01_d1.0e-01_s0.0e+00.lightcurve,5,5E+14,0.2,0.02,0.1,0.1,0,22.95293161,2.295293161,5.65E+45,2.3473496,133,0.227661617,0.857926823
/global/cscratch1/sd/dkhatami/csm_param_study/lightcurves/clean/m5.0e+00_r5.0e+14_k2.0e-01_a4.0e-03_b1.0e-02_d1.0e-01_s0.0e+00.lightcurve,5,5E+14,0.2,0.02,0.01,0.1,0,22.95293161,0.229529316,1.03E+43,5.694770838,45,2.72481343,3.037033805
/global/cscratch1/sd/dkhatami/csm_param_study/lightcurves/clean/m5.0e+00_r5.0e+14_k2.0e-01_a4.0e-03_b3.0e-02_d1.0e-01_s0.0e+00.lightcurve,5,5E+14,0.2,0.02,0.03,0.1,0,22.95293161,0.688587948,2.55E+44,3.25570054,68,0.840064102,1.322119236
/global/cscratch1/sd/dkhatami/csm_param_study/lightcurves/clean/m5.0e+00_r5.0e+14_k2.0e-01_a4.0e-03_b5.0e-02_d1.0e-01_s0.0e+00.lightcurve,5,5E+14,0.2,0.02,0.05,0.1,0,22.95293161,1.147646581,1.02E+45,2.744007575,88,0.462784386,1.00681251
/global/cscratch1/sd/dkhatami/csm_param_study/lightcurves/clean/m5.0e+00_r5.0e+14_k2.0e-01_a6.0e-02_b1.0e-01_d1.0e-01_s0.0e+00.lightcurve,5,5E+14,0.2,0.3,0.1,0.1,0,344.2939742,34.42939742,2.27E+46,2.88967174,147,0.311289571,1.207712813
/global/cscratch1/sd/dkhatami/csm_param_study/lightcurves/clean/m5.0e+00_r5.0e+14_k2.0e-01_a6.0e-02_b1.0e-02_d1.0e-01_s0.0e+00.lightcurve,5,5E+14,0.2,0.3,0.01,0.1,0,344.2939742,3.442939742,4.32E+43,10.0677049,72,3.322976777,5.771643
/global/cscratch1/sd/dkhatami/csm_param_study/lightcurves/clean/m5.0e+00_r5.0e+14_k2.0e-01_a6.0e-02_b3.0e-02_d1.0e-01_s0.0e+00.lightcurve,5,5E+14,0.2,0.3,0.03,0.1,0,344.2939742,10.32881923,1.03E+45,4.884950138,93,1.005764827,2.205264437
/global/cscratch1/sd/dkhatami/csm_param_study/lightcurves/clean/m5.0e+00_r5.0e+14_k2.0e-01_a6.0e-02_b5.0e-02_d1.0e-01_s0.0e+00.lightcurve,5,5E+14,0.2,0.3,0.05,0.1,0,344.2939742,17.21469871,4.32E+45,3.752718881,106,0.581299065,1.451952817
/global/cscratch1/sd/dkhatami/csm_param_study/lightcurves/clean/m5.0e+00_r5.0e+14_k2.0e-01_a6.0e-03_b1.0e-01_d1.0e-01_s0.0e+00.lightcurve,5,5E+14,0.2,0.03,0.1,0.1,0,34.42939742,3.442939742,7.33E+45,2.419570589,134,0.263792043,0.856997746
/global/cscratch1/sd/dkhatami/csm_param_study/lightcurves/clean/m5.0e+00_r5.0e+14_k2.0e-01_a6.0e-03_b1.0e-02_d1.0e-01_s0.0e+00.lightcurve,5,5E+14,0.2,0.03,0.01,0.1,0,34.42939742,0.344293974,1.28E+43,6.353875315,49,3.132703381,3.1766164
/global/cscratch1/sd/dkhatami/csm_param_study/lightcurves/clean/m5.0e+00_r5.0e+14_k2.0e-01_a6.0e-03_b3.0e-02_d1.0e-01_s0.0e+00.lightcurve,5,5E+14,0.2,0.03,0.03,0.1,0,34.42939742,1.032881923,3.14E+44,3.440397542,71,0.86963369,1.380427788
/global/cscratch1/sd/dkhatami/csm_param_study/lightcurves/clean/m5.0e+00_r5.0e+14_k2.0e-01_a6.0e-03_b5.0e-02_d1.0e-01_s0.0e+00.lightcurve,5,5E+14,0.2,0.03,0.05,0.1,0,34.42939742,1.721469871,1.27E+45,2.838783508,90,0.481854849,1.102295179
/global/cscratch1/sd/dkhatami/csm_param_study/lightcurves/clean/m5.0e+00_r8.0e+13_k2.0e-01_a1.0e-01_b1.0e-02_d1.0e-01_s0.0e+00.lightcurve,5,8E+13,0.2,0.5,0.01,0.1,0,22414.97228,224.1497228,1.26E+44,1.83163195,78,0.134416541,0.194731287
/global/cscratch1/sd/dkhatami/csm_param_study/lightcurves/clean/m5.0e+00_r8.0e+13_k2.0e-01_a1.0e-01_b3.0e-02_d1.0e-01_s0.0e+00.lightcurve,5,8E+13,0.2,0.5,0.03,0.1,0,22414.97228,672.4491683,9.07E+44,0.825212435,167,0.031969126,0.172696837
/global/cscratch1/sd/dkhatami/csm_param_study/lightcurves/clean/m5.0e+00_r8.0e+13_k2.0e-01_a1.0e-01_b5.0e-02_d1.0e-01_s0.0e+00.lightcurve,5,8E+13,0.2,0.5,0.05,0.1,0,22414.97228,1120.748614,1.94E+45,0.631560344,306,0.029133438,0.240808486
/global/cscratch1/sd/dkhatami/csm_param_study/lightcurves/clean/m5.0e+00_r8.0e+13_k2.0e-01_a1.0e-02_b1.0e-02_d1.0e-01_s0.0e+00.lightcurve,5,8E+13,0.2,0.05,0.01,0.1,0,2241.497228,22.41497228,8.56E+43,1.131354392,57,0.20469706,0.594155536
/global/cscratch1/sd/dkhatami/csm_param_study/lightcurves/clean/m5.0e+00_r8.0e+13_k2.0e-01_a1.0e-02_b3.0e-02_d1.0e-01_s0.0e+00.lightcurve,5,8E+13,0.2,0.05,0.03,0.1,0,2241.497228,67.24491683,1.02E+45,0.599548865,95,0.057852319,0.242955728
/global/cscratch1/sd/dkhatami/csm_param_study/lightcurves/clean/m5.0e+00_r8.0e+13_k2.0e-01_a1.0e-02_b5.0e-02_d1.0e-01_s0.0e+00.lightcurve,5,8E+13,0.2,0.05,0.05,0.1,0,2241.497228,112.0748614,2.62E+45,0.493454095,166,0.035547324,0.208998372
/global/cscratch1/sd/dkhatami/csm_param_study/lightcurves/clean/m5.0e+00_r8.0e+13_k2.0e-01_a1.0e-03_b1.0e-02_d1.0e-01_s0.0e+00.lightcurve,5,8E+13,0.2,0.005,0.01,0.1,0,224.1497228,2.241497228,3.26E+43,0.687641964,39,0.199352644,0.3742034
/global/cscratch1/sd/dkhatami/csm_param_study/lightcurves/clean/m5.0e+00_r8.0e+13_k2.0e-01_a1.0e-03_b3.0e-02_d1.0e-01_s0.0e+00.lightcurve,5,8E+13,0.2,0.005,0.03,0.1,0,224.1497228,6.724491683,6.75E+44,0.451878724,65,0.064511609,0.184237897
/global/cscratch1/sd/dkhatami/csm_param_study/lightcurves/clean/m5.0e+00_r8.0e+13_k2.0e-01_a1.0e-03_b5.0e-02_d1.0e-01_s0.0e+00.lightcurve,5,8E+13,0.2,0.005,0.05,0.1,0,224.1497228,11.20748614,2.43E+45,0.404457399,104,0.042911483,0.152004825
/global/cscratch1/sd/dkhatami/csm_param_study/lightcurves/clean/m5.0e+00_r8.0e+13_k2.0e-01_a2.0e-02_b1.0e-02_d1.0e-01_s0.0e+00.lightcurve,5,8E+13,0.2,0.1,0.01,0.1,0,4482.994455,44.82994455,9.81E+43,1.299639072,62,0.160891569,0.519554242
/global/cscratch1/sd/dkhatami/csm_param_study/lightcurves/clean/m5.0e+00_r8.0e+13_k2.0e-01_a2.0e-02_b3.0e-02_d1.0e-01_s0.0e+00.lightcurve,5,8E+13,0.2,0.1,0.03,0.1,0,4482.994455,134.4898337,9.88E+44,0.659021306,107,0.052066464,0.242768124
/global/cscratch1/sd/dkhatami/csm_param_study/lightcurves/clean/m5.0e+00_r8.0e+13_k2.0e-01_a2.0e-02_b5.0e-02_d1.0e-01_s0.0e+00.lightcurve,5,8E+13,0.2,0.1,0.05,0.1,0,4482.994455,224.1497228,2.40E+45,0.530328548,201,0.035357837,0.217413666
/global/cscratch1/sd/dkhatami/csm_param_study/lightcurves/clean/m5.0e+00_r8.0e+13_k2.0e-01_a2.0e-03_b1.0e-02_d1.0e-01_s0.0e+00.lightcurve,5,8E+13,0.2,0.01,0.01,0.1,0,448.2994455,4.482994455,4.36E+43,0.801326396,45,0.228369918,0.450936718
/global/cscratch1/sd/dkhatami/csm_param_study/lightcurves/clean/m5.0e+00_r8.0e+13_k2.0e-01_a2.0e-03_b3.0e-02_d1.0e-01_s0.0e+00.lightcurve,5,8E+13,0.2,0.01,0.03,0.1,0,448.2994455,13.44898337,9.16E+44,0.496071551,70,0.068285371,0.203120866
/global/cscratch1/sd/dkhatami/csm_param_study/lightcurves/clean/m5.0e+00_r8.0e+13_k2.0e-01_a2.0e-03_b5.0e-02_d1.0e-01_s0.0e+00.lightcurve,5,8E+13,0.2,0.01,0.05,0.1,0,448.2994455,22.41497228,2.84E+45,0.424534856,125,0.040222314,0.17608198
/global/cscratch1/sd/dkhatami/csm_param_study/lightcurves/clean/m5.0e+00_r8.0e+13_k2.0e-01_a4.0e-02_b1.0e-02_d1.0e-01_s0.0e+00.lightcurve,5,8E+13,0.2,0.2,0.01,0.1,0,8965.988911,89.65988911,1.09E+44,1.496304352,68,0.139433856,0.310946789
/global/cscratch1/sd/dkhatami/csm_param_study/lightcurves/clean/m5.0e+00_r8.0e+13_k2.0e-01_a4.0e-02_b3.0e-02_d1.0e-01_s0.0e+00.lightcurve,5,8E+13,0.2,0.2,0.03,0.1,0,8965.988911,268.9796673,9.49E+44,0.722359213,127,0.03446934,0.22885106
/global/cscratch1/sd/dkhatami/csm_param_study/lightcurves/clean/m5.0e+00_r8.0e+13_k2.0e-01_a4.0e-02_b5.0e-02_d1.0e-01_s0.0e+00.lightcurve,5,8E+13,0.2,0.2,0.05,0.1,0,8965.988911,448.2994455,2.16E+45,0.573737554,163,0.036021447,0.239152188
/global/cscratch1/sd/dkhatami/csm_param_study/lightcurves/clean/m5.0e+00_r8.0e+13_k2.0e-01_a4.0e-03_b1.0e-02_d1.0e-01_s0.0e+00.lightcurve,5,8E+13,0.2,0.02,0.01,0.1,0,896.5988911,8.965988911,5.93E+43,0.941150022,51,0.249266142,0.550679997
/global/cscratch1/sd/dkhatami/csm_param_study/lightcurves/clean/m5.0e+00_r8.0e+13_k2.0e-01_a4.0e-03_b3.0e-02_d1.0e-01_s0.0e+00.lightcurve,5,8E+13,0.2,0.02,0.03,0.1,0,896.5988911,26.89796673,1.03E+45,0.534375844,85,0.063794032,0.229170865
/global/cscratch1/sd/dkhatami/csm_param_study/lightcurves/clean/m5.0e+00_r8.0e+13_k2.0e-01_a4.0e-03_b5.0e-02_d1.0e-01_s0.0e+00.lightcurve,5,8E+13,0.2,0.02,0.05,0.1,0,896.5988911,44.82994455,2.84E+45,0.454187468,141,0.041022216,0.189448075
/global/cscratch1/sd/dkhatami/csm_param_study/lightcurves/clean/m5.0e+00_r8.0e+13_k2.0e-01_a6.0e-02_b1.0e-02_d1.0e-01_s0.0e+00.lightcurve,5,8E+13,0.2,0.3,0.01,0.1,0,13448.98337,134.4898337,1.17E+44,1.634436234,72,0.111324843,0.225893484
/global/cscratch1/sd/dkhatami/csm_param_study/lightcurves/clean/m5.0e+00_r8.0e+13_k2.0e-01_a6.0e-02_b3.0e-02_d1.0e-01_s0.0e+00.lightcurve,5,8E+13,0.2,0.3,0.03,0.1,0,13448.98337,403.469501,9.23E+44,0.773023858,144,0.046101564,0.194425807
/global/cscratch1/sd/dkhatami/csm_param_study/lightcurves/clean/m5.0e+00_r8.0e+13_k2.0e-01_a6.0e-02_b5.0e-02_d1.0e-01_s0.0e+00.lightcurve,5,8E+13,0.2,0.3,0.05,0.1,0,13448.98337,672.4491683,2.05E+45,0.598065139,271,0.031286847,0.254460589
/global/cscratch1/sd/dkhatami/csm_param_study/lightcurves/clean/m5.0e+00_r8.0e+13_k2.0e-01_a6.0e-03_b1.0e-02_d1.0e-01_s0.0e+00.lightcurve,5,8E+13,0.2,0.03,0.01,0.1,0,1344.898337,13.44898337,7.11E+43,1.030093994,54,0.242769555,0.58893678
/global/cscratch1/sd/dkhatami/csm_param_study/lightcurves/clean/m5.0e+00_r8.0e+13_k2.0e-01_a6.0e-03_b3.0e-02_d1.0e-01_s0.0e+00.lightcurve,5,8E+13,0.2,0.03,0.03,0.1,0,1344.898337,40.3469501,1.03E+45,0.561473818,89,0.062361761,0.237543733
/global/cscratch1/sd/dkhatami/csm_param_study/lightcurves/clean/m5.0e+00_r8.0e+13_k2.0e-01_a6.0e-03_b5.0e-02_d1.0e-01_s0.0e+00.lightcurve,5,8E+13,0.2,0.03,0.05,0.1,0,1344.898337,67.24491683,2.76E+45,0.471783798,151,0.041312441,0.196623634